{
  "algorithm": "isolation-forest",
  "score_threshold": 0.00610684864728156,
  "score_direction": "lower",
  "calibration_metrics": {
    "precision": 0.7830927835051547,
    "recall": 0.8056851930420026,
    "f1": 0.7942283563362611,
    "f_beta": 0.801063022019742
  },
  "calibration_size": 80509,
  "calibration_beta": 2.0,
  "min_calibration_precision": 0.75
}