{
  "algorithm": "isolation-forest",
  "score_threshold": -0.07223343629266821,
  "score_direction": "lower",
  "calibration_metrics": {
    "precision": 0.9410919540229885,
    "recall": 0.5557912600763683,
    "f1": 0.6988530274739929
  },
  "calibration_size": 80509
}